{
  "input_dir": "sprt_runs\\all_results",
  "batches_found": 25,
  "start_batch": 0,
  "expected_batches": 25,
  "completed_batches": [
    0,
    1,
    2,
    3,
    4,
    5,
    6,
    7,
    8,
    9,
    10,
    11,
    12,
    13,
    14,
    15,
    16,
    17,
    18,
    19,
    20,
    21,
    22,
    23,
    24
  ],
  "missing_batches": [],
  "failed_batches": [],
  "duplicate_batches": [],
  "games": 500,
  "wins": 200,
  "losses": 127,
  "draws": 173,
  "unknown": 0,
  "score_rate": 0.573,
  "draw_rate": 0.346,
  "elo_diff": 51.0906987769464,
  "elo_error_95": 24.751202595579038,
  "los": 99.9973924725869,
  "sprt": {
    "elo0": 0.0,
    "elo1": 10.0,
    "alpha": 0.05,
    "beta": 0.05,
    "llr": 2.9928650321636807,
    "lower_bound": -2.9444389791664403,
    "upper_bound": 2.9444389791664403,
    "result": "PASS"
  }
}